<?xml version="1.0"?>
<data grt_format="2.0">
  <value _ptr_="0x6000000aff60" type="list" content-type="object" content-struct-name="db.mgmt.Connection">
    <value type="object" struct-name="db.mgmt.Connection" id="241996D6-1E44-4396-B2C2-E9472C7E5649" struct-checksum="0x96ba47d8">
      <link type="object" struct-name="db.mgmt.Driver" key="driver">com.mysql.rdbms.mysql.driver.native</link>
      <value type="string" key="hostIdentifier">Mysql@localhost:8889</value>
      <value type="int" key="isDefault">0</value>
      <value _ptr_="0x6000004a8280" type="dict" key="modules"/>
      <value _ptr_="0x6000004a8220" type="dict" key="parameterValues">
        <value type="string" key="DbSqlEditor:LastDefaultSchema">iapp</value>
        <value type="string" key="hostName">localhost</value>
        <value type="int" key="lastConnected">1525256307</value>
        <value type="int" key="port">8889</value>
        <value type="string" key="serverVersion">5.6.38</value>
        <value type="string" key="userName">root</value>
      </value>
      <value type="string" key="name">Local instance 8889</value>
      <link type="object" struct-name="GrtObject" key="owner">E3AF7263-C648-4D1D-81CC-24AB17833733</link>
    </value>
    <value type="object" struct-name="db.mgmt.Connection" id="3164FAB7-D9EF-4C0E-B672-13AF37208B02" struct-checksum="0x96ba47d8">
      <link type="object" struct-name="db.mgmt.Driver" key="driver">com.mysql.rdbms.mysql.driver.native</link>
      <value type="string" key="hostIdentifier">Mysql@129.150.202.181:3306</value>
      <value type="int" key="isDefault">0</value>
      <value _ptr_="0x6000004a8340" type="dict" key="modules"/>
      <value _ptr_="0x6000004a83a0" type="dict" key="parameterValues">
        <value type="string" key="DbSqlEditor:LastDefaultSchema">iapp</value>
        <value type="string" key="SQL_MODE"></value>
        <value type="string" key="hostName">129.150.202.181</value>
        <value type="int" key="lastConnected">1526884218</value>
        <value type="string" key="password"></value>
        <value type="int" key="port">3306</value>
        <value type="string" key="schema"></value>
        <value type="string" key="serverVersion">5.7.21-enterprise-commercial-advanced-log</value>
        <value type="string" key="sslCA"></value>
        <value type="string" key="sslCert"></value>
        <value type="string" key="sslCipher"></value>
        <value type="string" key="sslKey"></value>
        <value type="int" key="useSSL">1</value>
        <value type="string" key="userName">root</value>
      </value>
      <value type="string" key="name">Test</value>
      <link type="object" struct-name="GrtObject" key="owner">E3AF7263-C648-4D1D-81CC-24AB17833733</link>
    </value>
  </value>
</data>
