<?xml version="1.0"?>
<data grt_format="2.0">
  <value _ptr_="0x6000000affc0" type="list" content-type="object" content-struct-name="db.mgmt.ServerInstance">
    <value type="object" struct-name="db.mgmt.ServerInstance" id="41CAB79B-0BBF-4388-A461-9C13116960A0" struct-checksum="0x367436e2">
      <value _ptr_="0x60c0000ab2e0" type="dict" key="loginInfo">
        <value type="string" key="ssh.port">22</value>
        <value type="int" key="ssh.useKey">0</value>
      </value>
      <value _ptr_="0x60c0000ab340" type="dict" key="serverInfo">
        <value type="int" key="remoteAdmin">0</value>
        <value type="string" key="serverVersion">5.7</value>
        <value type="string" key="sys.config.path">/etc/my.cnf</value>
        <value type="string" key="sys.config.section">mysqld</value>
        <value type="string" key="sys.mysqld.start">launchctl load -F /Library/LaunchDaemons/com.oracle.oss.mysql.mysqld.plist</value>
        <value type="string" key="sys.mysqld.stop">launchctl unload -F /Library/LaunchDaemons/com.oracle.oss.mysql.mysqld.plist</value>
        <value type="string" key="sys.preset">MacOS X (MySQL Package)</value>
        <value type="string" key="sys.system">MacOS X</value>
        <value type="int" key="sys.usesudo">1</value>
        <value type="int" key="windowsAdmin">0</value>
      </value>
      <value type="string" key="name"> instance</value>
    </value>
    <value type="object" struct-name="db.mgmt.ServerInstance" id="C0B3D4A2-65A1-400D-B830-A586095C4AB8" struct-checksum="0x367436e2">
      <link type="object" struct-name="db.mgmt.Connection" key="connection">241996D6-1E44-4396-B2C2-E9472C7E5649</link>
      <value _ptr_="0x60c0000ab3a0" type="dict" key="loginInfo"/>
      <value _ptr_="0x60c0000ab400" type="dict" key="serverInfo">
        <value type="string" key="basedir">/Applications/MAMP/Library/</value>
        <value type="string" key="datadir">/Applications/MAMP/db/mysql56/</value>
        <value type="string" key="errorLogFilePath">/Applications/MAMP/logs/mysql_error_log.err</value>
        <value type="string" key="generalLogFilePath">/Applications/MAMP/db/mysql56/Atifs-MacBook-Pro.log</value>
        <value type="string" key="serverVersion">5.6.38</value>
        <value type="int" key="setupPending">1</value>
        <value type="string" key="slowLogFilePath">/Applications/MAMP/db/mysql56/Atifs-MacBook-Pro-slow.log</value>
        <value type="string" key="sys.config.path"></value>
        <value type="string" key="sys.config.section">mysqld</value>
        <value type="string" key="sys.preset">Custom</value>
        <value type="string" key="sys.system">MacOS X</value>
        <value type="int" key="sys.usesudo">0</value>
        <value type="int" key="sys.usesudostatus">0</value>
      </value>
      <value type="string" key="name">Local 8889</value>
    </value>
    <value type="object" struct-name="db.mgmt.ServerInstance" id="7D554ACE-EEF4-48B9-BA44-73502F7EE103" struct-checksum="0x367436e2">
      <link type="object" struct-name="db.mgmt.Connection" key="connection">3164FAB7-D9EF-4C0E-B672-13AF37208B02</link>
      <value _ptr_="0x60c0000ab460" type="dict" key="loginInfo"/>
      <value _ptr_="0x60c0000ab4c0" type="dict" key="serverInfo">
        <value type="int" key="setupPending">1</value>
      </value>
      <value type="string" key="name">Test</value>
    </value>
  </value>
</data>
